,HV,Sx_bar,N
Base Alloy,416.54,2.81601977,50
Interdiffusion Zone,423.26,1.144573711,50
Diffusion Coating,650.44,3.103804118,50
