"","HV","Sx_bar","N"
"Base Alloy",416.54,2.81601977033876,50
"Interdiffusion Zone",423.26,1.14457371086,50
"Coating",650.44,3.10380411753061,50
